haircut,future_revenue,current_contribution,illustrative_write_down,closing_content_asset
0.0,38.0,-0.22999999999999687,0.4799999999999969,30.21
0.05,36.1,-1.8989796672828039,2.2279999999999944,28.541020332717196
0.1,34.2,-3.5622068965517144,3.975999999999992,26.877793103448283
0.15,32.3,-5.21902982107356,5.724000000000004,25.220970178926436
0.2,30.400000000000002,-6.868694214876026,7.471999999999994,23.571305785123972
0.25,28.5,-8.510322580645157,9.219999999999999,21.92967741935484
0.3,26.599999999999998,-10.142887892376683,10.968000000000004,20.297112107623313
0.35,24.7,-11.765180327868846,12.715999999999994,18.67481967213115
0.4,22.8,-13.375764705882352,14.463999999999999,17.064235294117644
0.45,20.900000000000002,-14.97292544987146,16.211999999999996,15.467074550128538
0.5,19.0,-16.554594594594594,17.96,13.885405405405404
0.55,17.099999999999998,-18.118256410256414,19.708000000000006,12.321743589743585
0.6,15.200000000000001,-19.66081927710843,21.455999999999996,10.779180722891569
0.65,13.299999999999999,-21.178440894568688,23.204,9.261559105431308
0.7,11.400000000000002,-22.66628571428571,24.951999999999998,7.773714285714288
0.75,9.5,-24.118181818181817,26.7,6.321818181818182
0.8,7.599999999999998,-25.526125,28.448,4.913874999999997
0.85,5.700000000000001,-26.879544303797466,30.195999999999998,3.560455696202533
0.9,3.799999999999999,-28.16418348623853,31.944000000000003,2.275816513761466
0.95,1.9000000000000017,-29.36034170854271,33.69199999999999,1.0796582914572888
1.0,0.0,-30.439999999999998,35.44,0.0
